[
  {
    "id": "2955ced2-cb9e-4e44-938a-08088cd3f070",
    "data": [
      {
        "text": "EMPRESA",
        "meta": "@sys.ignore",
        "userDefined": false
      },
      {
        "text": "_AGREGAR",
        "userDefined": false
      }
    ],
    "isTemplate": false,
    "count": 0,
    "updated": 0
  },
  {
    "id": "1a8a342a-8b06-40f3-a1ab-2cecdc77c5dc",
    "data": [
      {
        "text": "Agregar ",
        "userDefined": false
      },
      {
        "text": "empresa",
        "meta": "@sys.ignore",
        "userDefined": false
      }
    ],
    "isTemplate": false,
    "count": 0,
    "updated": 0
  },
  {
    "id": "e368bddf-5900-4de1-80bd-c54e0c934527",
    "data": [
      {
        "text": "Nueva empresa",
        "meta": "@sys.ignore",
        "userDefined": false
      }
    ],
    "isTemplate": false,
    "count": 0,
    "updated": 0
  },
  {
    "id": "201e331e-bbec-430d-b397-e55f4e095203",
    "data": [
      {
        "text": "Deseo agregar ",
        "userDefined": false
      },
      {
        "text": "una empresa",
        "meta": "@sys.ignore",
        "userDefined": false
      }
    ],
    "isTemplate": false,
    "count": 0,
    "updated": 0
  },
  {
    "id": "2a6349c4-9f2b-4dc5-b9d7-0e204c2267f0",
    "data": [
      {
        "text": "Quiero agregar ",
        "userDefined": false
      },
      {
        "text": "una empresa",
        "meta": "@sys.ignore",
        "userDefined": false
      }
    ],
    "isTemplate": false,
    "count": 0,
    "updated": 0
  },
  {
    "id": "a222e2f1-5ed6-41f5-a472-b5e882cbc476",
    "data": [
      {
        "text": "Deseo agregar ",
        "userDefined": false
      },
      {
        "text": "un",
        "meta": "@sys.ignore",
        "userDefined": false
      },
      {
        "text": " cliente",
        "userDefined": false
      }
    ],
    "isTemplate": false,
    "count": 0,
    "updated": 0
  },
  {
    "id": "c7853710-f60a-4ffe-b284-37617fc1d7f7",
    "data": [
      {
        "text": "Nuevo cliente",
        "userDefined": false
      }
    ],
    "isTemplate": false,
    "count": 0,
    "updated": 0
  },
  {
    "id": "5cfa9976-f20c-4a26-8918-cbe425f0eceb",
    "data": [
      {
        "text": "Quiero agregar ",
        "userDefined": false
      },
      {
        "text": "un",
        "meta": "@sys.ignore",
        "userDefined": false
      },
      {
        "text": " cliente",
        "userDefined": false
      }
    ],
    "isTemplate": false,
    "count": 0,
    "updated": 0
  }
]