[
  {
    "id": "cbbc762b-f7f8-483a-af6b-51d57a273006",
    "data": [
      {
        "text": "EMPRESA",
        "meta": "@sys.ignore",
        "userDefined": false
      },
      {
        "text": "_CONSULTAR",
        "userDefined": false
      }
    ],
    "isTemplate": false,
    "count": 0,
    "updated": 0
  },
  {
    "id": "3561f3b8-f1bc-478e-abd5-528484d6affe",
    "data": [
      {
        "text": "Consultar ",
        "userDefined": false
      },
      {
        "text": "empresa",
        "meta": "@sys.ignore",
        "userDefined": false
      }
    ],
    "isTemplate": false,
    "count": 0,
    "updated": 0
  },
  {
    "id": "5dfb2676-89bb-4947-adfb-40659b7096fd",
    "data": [
      {
        "text": "Datos de ",
        "userDefined": false
      },
      {
        "text": "la empresa",
        "meta": "@sys.ignore",
        "userDefined": false
      },
      {
        "text": " ",
        "userDefined": false
      },
      {
        "text": "200",
        "alias": "EMPRESA_ID",
        "meta": "@sys.number",
        "userDefined": false
      }
    ],
    "isTemplate": false,
    "count": 0,
    "updated": 0
  },
  {
    "id": "c6edca7e-d7ae-47f0-b227-c0d552281fcd",
    "data": [
      {
        "text": "Datos del cliente ",
        "userDefined": false
      },
      {
        "text": "100",
        "alias": "EMPRESA_ID",
        "meta": "@sys.number",
        "userDefined": false
      }
    ],
    "isTemplate": false,
    "count": 0,
    "updated": 0
  },
  {
    "id": "48fa4d7a-60ff-4d92-972b-51ab9f5e20ac",
    "data": [
      {
        "text": "Busco",
        "meta": "@sys.ignore",
        "userDefined": false
      },
      {
        "text": " información sobre el cliente ",
        "userDefined": false
      },
      {
        "text": "80",
        "alias": "EMPRESA_ID",
        "meta": "@sys.number",
        "userDefined": false
      }
    ],
    "isTemplate": false,
    "count": 0,
    "updated": 0
  },
  {
    "id": "3113c53e-85a7-40f3-a109-42d4dd77aa37",
    "data": [
      {
        "text": "Busco",
        "meta": "@sys.ignore",
        "userDefined": false
      },
      {
        "text": " información sobre ",
        "userDefined": false
      },
      {
        "text": "la empresa",
        "meta": "@sys.ignore",
        "userDefined": false
      },
      {
        "text": " ",
        "userDefined": false
      },
      {
        "text": "75",
        "alias": "EMPRESA_ID",
        "meta": "@sys.number",
        "userDefined": false
      }
    ],
    "isTemplate": false,
    "count": 0,
    "updated": 0
  },
  {
    "id": "55048bc8-5c6b-4afe-a9b7-8acebbe53fa0",
    "data": [
      {
        "text": "Quiero los datos del cliente ",
        "userDefined": false
      },
      {
        "text": "50",
        "alias": "EMPRESA_ID",
        "meta": "@sys.number",
        "userDefined": false
      }
    ],
    "isTemplate": false,
    "count": 0,
    "updated": 0
  },
  {
    "id": "bb03b36b-9f63-4ca9-ab17-c4f4f527010c",
    "data": [
      {
        "text": "Busco",
        "meta": "@sys.ignore",
        "userDefined": false
      },
      {
        "text": " información sobre cierta ",
        "userDefined": false
      },
      {
        "text": "empresa",
        "meta": "@sys.ignore",
        "userDefined": false
      }
    ],
    "isTemplate": false,
    "count": 0,
    "updated": 0
  },
  {
    "id": "18d41973-7f23-4649-847e-7a924de5d292",
    "data": [
      {
        "text": "Busco",
        "meta": "@sys.ignore",
        "userDefined": false
      },
      {
        "text": " información sobre cierto cliente",
        "userDefined": false
      }
    ],
    "isTemplate": false,
    "count": 0,
    "updated": 0
  },
  {
    "id": "e5ae83d7-d6c9-4289-9045-b438e9cd880c",
    "data": [
      {
        "text": "Necesito datos sobre ",
        "userDefined": false
      },
      {
        "text": "un",
        "meta": "@sys.ignore",
        "userDefined": false
      },
      {
        "text": " cliente",
        "userDefined": false
      }
    ],
    "isTemplate": false,
    "count": 0,
    "updated": 0
  },
  {
    "id": "3372f7b1-2420-4518-9ae5-5e5547ecc7f2",
    "data": [
      {
        "text": "Información sobre el cliente ",
        "userDefined": false
      },
      {
        "text": "20",
        "alias": "EMPRESA_ID",
        "meta": "@sys.number",
        "userDefined": false
      }
    ],
    "isTemplate": false,
    "count": 0,
    "updated": 0
  },
  {
    "id": "28cf76f3-bbd9-43ff-a7f0-a9b7b2070ac8",
    "data": [
      {
        "text": "Quiero consultar sobre el cliente ",
        "userDefined": false
      },
      {
        "text": "1",
        "alias": "EMPRESA_ID",
        "meta": "@sys.number",
        "userDefined": false
      }
    ],
    "isTemplate": false,
    "count": 0,
    "updated": 0
  },
  {
    "id": "06c3db47-4f34-43f6-88c3-db4ec0a436f4",
    "data": [
      {
        "text": "Quiero consultar sobre ",
        "userDefined": false
      },
      {
        "text": "un",
        "meta": "@sys.ignore",
        "userDefined": false
      },
      {
        "text": " cliente",
        "userDefined": false
      }
    ],
    "isTemplate": false,
    "count": 0,
    "updated": 0
  }
]